Title,Price,Rating
"HTML and CSS QuickStart Guide: The Simplified Beginners Guide to Developing a Strong Coding Foundation, Building Responsive Websites, and Mastering ... of Modern Web Design (QuickStart Guides)",25.19,4.6
"Responsive Web Design with HTML5 and CSS: Build future-proof responsive websites using the latest HTML5 and CSS techniques, 4th Edition",40.49,5.0
"C# 11 and .NET 7 – Modern Cross-Platform Development Fundamentals: Start building websites and services with ASP.NET Core 7, Blazor, and EF Core 7, 7th Edition",46.87,5.0
CSS in easy steps,11.89,4.7
"Responsive Web Design with HTML5 and CSS: Build future-proof responsive websites using the latest HTML5 and CSS techniques, 4th Edition",40.49,5.0
CSS in Depth,52.16,4.8
CSS: The Definitive Guide: Visual Presentation for the Web,67.37,4.6
HTML and CSS: Design and Build Websites,15.79,4.7
"HTML and CSS QuickStart Guide: The Simplified Beginners Guide to Developing a Strong Coding Foundation, Building Responsive Websites, and Mastering ... of Modern Web Design (QuickStart Guides)",25.19,4.6
Modern CSS: Master the Key Concepts of CSS for Modern Web Development,10.50,5.0
CSS Pocket Reference: Visual Presentation for the Web,14.46,4.7
CSS Secrets: Better Solutions to Everyday Web Design Problems,21.99,4.6
"Web Design with HTML, CSS, JavaScript and jQuery Set",46.53,4.7
"Responsive Web Design with HTML5 and CSS: Develop future-proof responsive websites using the latest HTML5 and CSS techniques, 3rd Edition",37.99,4.5
CSS Secrets: Better Solutions to Everyday Web Design Problems,10.09,4.6
HTML and CSS: Design and Build Websites,15.79,4.7
CSS: The Definitive Guide: Visual Presentation for the Web,15.53,4.6
"Learning Web Design: A Beginner's Guide to HTML, CSS, JavaScript, and Web Graphics",13.20,4.6
CSS: The Missing Manual,11.12,4.6
Murach's HTML and CSS (5th Edition),57.63,4.7
CSS Master,20.99,4.7
Learn Microsoft PowerApps: Build customized business applications without writing any code,39.89,4.1
"HTML, CSS & JavaScript in easy steps",20.49,4.6
Designing with the Mind in Mind: Simple Guide to Understanding User Interface Design Guidelines,20.61,4.5
"Node.js Design Patterns: Design and implement production-grade Node.js applications using proven patterns and techniques, 3rd Edition",46.74,4.6
"Front-End Back-End Development with HTML, CSS, JavaScript, jQuery, PHP, and MySQL",70.82,4.6
CSS Flex & Grid: Complete Guide with Real World Examples and Code Snippets,9.99,5.0
CSS: The Missing Manual,40.00,4.6
Python Programming and Numerical Methods: A Guide for Engineers and Scientists,59.96,4.7
JavaScript: The Comprehensive Guide to Learning Professional JavaScript Programming,57.45,5.0
"Professional React Native: Expert techniques and solutions for building high-quality, cross-platform, production-ready apps",29.99,4.5
HTML5: Discover the Complete Guide to Formatting Websites and Learn the basics of Web Design. Learn how to Use Html to Create Innovative Websites and Applications,18.35,4.5
CSS Mastery,26.99,4.4
CSS in easy steps,11.89,4.7
"Learning Web Design: A Beginner's Guide to HTML, CSS, JavaScript, and Web Graphics",38.13,4.6
CSS (with HTML5): Learn CSS in One Day and Learn It Well. CSS for Beginners with Hands-on Project. Includes HTML5. (Learn Coding Fast with Hands-On Project Book 2),2.99,4.5
A Smarter Way to Learn HTML & CSS: Learn it faster. Remember it longer.,19.95,4.6
"Get Coding!: Learn HTML, CSS & JavaScript & Build a Website, App & Game",11.59,4.6
HTML5 and CSS3 All-in-One For Dummies,25.49,4.6
"HTML & CSS: The Complete Reference, Fifth Edition (Complete Reference Series)",44.99,4.4
Conquer CSS: Master the Fundamentals of Cascading Style Sheets and Create a More Beautiful Web Presence,9.99,4.9
"HTML, CSS & JavaScript in easy steps",20.49,4.6
"HTML5 and CSS3 Masterclass: In-depth Web Design Training with Geolocation, the HTML5 Canvas, 2D and 3D CSS Transformations, Flexbox, CSS Grid, and More (English Edition)",12.95,5.0
New Perspectives on HTML 5 and CSS: Comprehensive: Comprehensive (MindTap Course List),18.05,4.6
"Web Design with HTML5 and CSS: Learn how to design, create and built responsive websites using the best HTML5 and CSS practices",0.00,4.5
CSI: Miami Season 1,1.99,4.8
Cascading Style Sheets (Quick Study Computer),5.95,4.4
"JavaScript from Beginner to Professional: Learn JavaScript quickly by building fun, interactive, and dynamic web apps, games, and pages",36.99,4.8
CSS Visual Dictionary,0.00,4.2
Head First HTML and CSS: A Learner's Guide to Creating Standards-Based Web Pages,44.40,4.6
HTML and CSS: The Most Complete Web Development Guide: Step by Step Guide That Will Help You To Develop Strong Front-End Foundation So You Can Design Modern Responsive Websites,0.00,4.3
CSS: Diseño web (Desarrollo web nº 2) (Spanish Edition),0.00,4.0
HTML and CSS for Beginners,0.00,4.2
"Build a Website Now: A Beginner's Guide to Web Development: HTML, CSS and Bootstrap",19.99,4.8
Transitions and Animations in CSS: Adding Motion with CSS,6.49,4.3
Grid Layout in CSS: Interface Layout for the Web,6.49,4.3
Flexbox in CSS,8.99,4.3
CSS Visual Dictionary,34.99,4.4
Programming for Beginners: 3 Books in 1 - HTML+CSS+JavaScript: Basic Fundamental Guide for Beginners,0.00,4.3
HTML and CSS: Visual QuickStart Guide,39.99,4.4
"HTML and CSS QuickStart Guide: The Simplified Beginners Guide to Developing a Strong Coding Foundation, Building Responsive Websites, and Mastering ... of Modern Web Design (QuickStart Guides)",25.19,4.6
"Responsive Web Design with HTML5 and CSS: Build future-proof responsive websites using the latest HTML5 and CSS techniques, 4th Edition",40.49,5.0
"C# 11 and .NET 7 – Modern Cross-Platform Development Fundamentals: Start building websites and services with ASP.NET Core 7, Blazor, and EF Core 7, 7th Edition",46.87,5.0
CSS in easy steps,11.89,4.7
"Responsive Web Design with HTML5 and CSS: Build future-proof responsive websites using the latest HTML5 and CSS techniques, 4th Edition",40.49,5.0
CSS in Depth,52.16,4.8
CSS: The Definitive Guide: Visual Presentation for the Web,67.37,4.6
HTML and CSS: Design and Build Websites,15.79,4.7
"HTML and CSS QuickStart Guide: The Simplified Beginners Guide to Developing a Strong Coding Foundation, Building Responsive Websites, and Mastering ... of Modern Web Design (QuickStart Guides)",25.19,4.6
Modern CSS: Master the Key Concepts of CSS for Modern Web Development,10.50,5.0
CSS Pocket Reference: Visual Presentation for the Web,14.46,4.7
CSS Secrets: Better Solutions to Everyday Web Design Problems,21.99,4.6
"Web Design with HTML, CSS, JavaScript and jQuery Set",46.53,4.7
"Responsive Web Design with HTML5 and CSS: Develop future-proof responsive websites using the latest HTML5 and CSS techniques, 3rd Edition",37.99,4.5
CSS Secrets: Better Solutions to Everyday Web Design Problems,10.09,4.6
HTML and CSS: Design and Build Websites,15.79,4.7
CSS: The Definitive Guide: Visual Presentation for the Web,15.53,4.6
"Learning Web Design: A Beginner's Guide to HTML, CSS, JavaScript, and Web Graphics",13.20,4.6
CSS: The Missing Manual,11.12,4.6
Murach's HTML and CSS (5th Edition),57.63,4.7
CSS Master,20.99,4.7
Learn Microsoft PowerApps: Build customized business applications without writing any code,39.89,4.1
"HTML, CSS & JavaScript in easy steps",20.49,4.6
Designing with the Mind in Mind: Simple Guide to Understanding User Interface Design Guidelines,20.61,4.5
"Node.js Design Patterns: Design and implement production-grade Node.js applications using proven patterns and techniques, 3rd Edition",46.74,4.6
"Front-End Back-End Development with HTML, CSS, JavaScript, jQuery, PHP, and MySQL",70.82,4.6
CSS Flex & Grid: Complete Guide with Real World Examples and Code Snippets,9.99,5.0
CSS: The Missing Manual,40.00,4.6
Python Programming and Numerical Methods: A Guide for Engineers and Scientists,59.96,4.7
JavaScript: The Comprehensive Guide to Learning Professional JavaScript Programming,57.45,5.0
"Professional React Native: Expert techniques and solutions for building high-quality, cross-platform, production-ready apps",29.99,4.5
HTML5: Discover the Complete Guide to Formatting Websites and Learn the basics of Web Design. Learn how to Use Html to Create Innovative Websites and Applications,18.35,4.5
CSS Mastery,26.99,4.4
CSS in easy steps,11.89,4.7
"Learning Web Design: A Beginner's Guide to HTML, CSS, JavaScript, and Web Graphics",38.13,4.6
CSS (with HTML5): Learn CSS in One Day and Learn It Well. CSS for Beginners with Hands-on Project. Includes HTML5. (Learn Coding Fast with Hands-On Project Book 2),2.99,4.5
A Smarter Way to Learn HTML & CSS: Learn it faster. Remember it longer.,19.95,4.6
"Get Coding!: Learn HTML, CSS & JavaScript & Build a Website, App & Game",11.59,4.6
HTML5 and CSS3 All-in-One For Dummies,25.49,4.6
"HTML & CSS: The Complete Reference, Fifth Edition (Complete Reference Series)",44.99,4.4
Conquer CSS: Master the Fundamentals of Cascading Style Sheets and Create a More Beautiful Web Presence,9.99,4.9
"HTML, CSS & JavaScript in easy steps",20.49,4.6
"HTML5 and CSS3 Masterclass: In-depth Web Design Training with Geolocation, the HTML5 Canvas, 2D and 3D CSS Transformations, Flexbox, CSS Grid, and More (English Edition)",12.95,5.0
New Perspectives on HTML 5 and CSS: Comprehensive: Comprehensive (MindTap Course List),18.05,4.6
"Web Design with HTML5 and CSS: Learn how to design, create and built responsive websites using the best HTML5 and CSS practices",0.00,4.5
CSI: Miami Season 1,1.99,4.8
Cascading Style Sheets (Quick Study Computer),5.95,4.4
"JavaScript from Beginner to Professional: Learn JavaScript quickly by building fun, interactive, and dynamic web apps, games, and pages",36.99,4.8
CSS Visual Dictionary,0.00,4.2
Head First HTML and CSS: A Learner's Guide to Creating Standards-Based Web Pages,44.40,4.6
HTML and CSS: The Most Complete Web Development Guide: Step by Step Guide That Will Help You To Develop Strong Front-End Foundation So You Can Design Modern Responsive Websites,0.00,4.3
CSS: Diseño web (Desarrollo web nº 2) (Spanish Edition),0.00,4.0
HTML and CSS for Beginners,0.00,4.2
"Build a Website Now: A Beginner's Guide to Web Development: HTML, CSS and Bootstrap",19.99,4.8
Transitions and Animations in CSS: Adding Motion with CSS,6.49,4.3
Grid Layout in CSS: Interface Layout for the Web,6.49,4.3
Flexbox in CSS,8.99,4.3
CSS Visual Dictionary,34.99,4.4
Programming for Beginners: 3 Books in 1 - HTML+CSS+JavaScript: Basic Fundamental Guide for Beginners,0.00,4.3
HTML and CSS: Visual QuickStart Guide,39.99,4.4
"HTML and CSS QuickStart Guide: The Simplified Beginners Guide to Developing a Strong Coding Foundation, Building Responsive Websites, and Mastering ... of Modern Web Design (QuickStart Guides)",25.19,(4.6)
"Responsive Web Design with HTML5 and CSS: Build future-proof responsive websites using the latest HTML5 and CSS techniques, 4th Edition",40.49,(5.0)
Learn Microsoft PowerApps: Build customized business applications without writing any code,39.89,(4.1)
"Node.js Design Patterns: Design and implement production-grade Node.js applications using proven patterns and techniques, 3rd Edition",46.74,(4.6)
Responsive Web Design with HTML 5 & CSS (MindTap Course List),27.20,(4.6)
Head First Html With CSS & XHTML,22.57,(4.5)
Beginner's Step-by-Step Coding Course: Learn Computer Programming the Easy Way,20.99,(4.7)
CSS Grid Layout: 5 Practical Projects,6.99,(4.7)
2022 Certified Specialist of Spirits Workbook,39.00,(5.0)
CSS for Babies (Code Babies),6.95,(3.9)
"Coding for Kids Ages 9-15: Simple HTML, CSS and JavaScript lessons to get you started with Programming from Scratch",19.15,(4.1)
"HTML, XHTML and CSS For Dummies",18.99,(4.1)
"Learn to Code: Learn HTML, CSS and JavaScript and build a website, an app and a game",0.00,(4.1)
"C# 11 and .NET 7 – Modern Cross-Platform Development Fundamentals: Start building websites and services with ASP.NET Core 7, Blazor, and EF Core 7, 7th Edition",46.87,(5.0)
Python Programming and Numerical Methods: A Guide for Engineers and Scientists,59.96,(4.7)
Hands-on JavaScript for Python Developers: Leverage your Python knowledge to quickly learn JavaScript and advance your web development career,29.99,(4.5)
HTML5: Discover the Complete Guide to Formatting Websites and Learn the basics of Web Design. Learn how to Use Html to Create Innovative Websites and Applications,18.35,(4.5)
"HTML, CSS and JavaScript All in One, Sams Teach Yourself: Covering HTML5, CSS3, and jQuery",23.99,(4.5)
The HTML and CSS Workshop: Learn to build your own websites and kickstart your career as a web designer or developer,15.89,(4.3)
"Coding for Kids Ages 10 and Up: Coding for Kids and Beginners using html, css and JavaScript (Coding for Absolute Beginners)",19.99,(4.3)
Aprende HTML y CSS en un fin de semana (Aprende en un fin de semana) (Spanish Edition),10.53,(4.3)
HTML and CSS: Visual QuickStart Guide,39.99,(4.5)
Tailwind CSS,6.99,(4.4)
JavaScript: The Comprehensive Guide to Learning Professional JavaScript Programming,57.45,(5.0)
"The Most Famous Ships of the Confederacy: The History of the Merrimac, CSS Alabama, and CSS Hunley",0.00,(5.0)
The Zen of CSS Design: Visual Enlightenment for the Web,27.48,(4.5)
"Computer Programming: JavaScript, Python, HTML, SQL, CSS: The Step-by-Step Guide for Beginners to Intermediate: Including Some Black Hat Hacking Tips - Bundle 5 books in 1 the #1 Coding Book 2020",0.00,(3.4)
CSS in easy steps,11.89,(4.7)
Timeless Laws of Software Development,26.95,(4.4)
Designing with the Mind in Mind: Simple Guide to Understanding User Interface Design Guidelines,20.61,(4.5)
JavaScript: The Comprehensive Guide to Learning Professional JavaScript Programming,57.45,(5.0)
"Web Programming with HTML5, CSS, and JavaScript",26.36,(4.3)
Crafting Interpreters,47.94,(4.8)
HTML and CSS Part I,15.99,(1.0)
"Django 4 By Example: Build powerful and reliable Python web applications from scratch, 4th Edition",49.99,(4.7)
Programming for Beginners: 3 Books in 1 - HTML+CSS+JavaScript: Basic Fundamental Guide for Beginners,0.00,(4.3)
HTML & CSS: Desarrollo y diseño web (Spanish Edition),0.00,(4.4)
PHP & MySQL: Server-side Web Development,26.99,(4.9)
HTML5: Discover the Complete Guide to Formatting Websites and Learn the basics of Web Design. Learn how to Use Html to Create Innovative Websites and Applications,18.35,(4.5)
CSS Grid Explained: Your Step-by-Step Guide to CSS Grid (The Explained Series),5.99,(4.3)
2022 Certified Specialist of Spirits Study Guide,47.55,(4.9)
CSS Cookbook: Quick Solutions to Common CSS Problems (Animal Guide),29.99,(4.1)
Web Development: This Book Includes: Web Development for Beginners in HTML + Web Design with CSS + Javascript Basics for Beginners,0.00,(4.3)
Journey Of Stones,5.20,(4.5)
CSS: The Ultimate Reference: The Ultimate Reference,10.04,(4.6)
"Building iPhone Apps with HTML, CSS, and JavaScript: Making App Store Apps Without Objective-C or Cocoa",14.84,(4.2)
CSS Animations and Transitions for the Modern Web,17.27,(4.1)
HTML & CSS for Complete Beginners: A Step by Step Guide to Learning HTML5 and CSS3,5.99,(4.1)
The Linux Command Line Beginner's Guide,0.99,(4.5)
Wolf of the Deep: Raphael Semmes and the Notorious Confederate Raider CSS Alabama,10.99,(4.6)
CSS Master,6.40,(4.3)
