,title,price,rating
0,"HTML and CSS QuickStart Guide: The Simplified Beginners Guide to Developing a Strong Coding Foundation, Building Responsive Websites, and Mastering ... of Modern Web Design (QuickStart Guides)",25.19,4.6
1,"Responsive Web Design with HTML5 and CSS: Build future-proof responsive websites using the latest HTML5 and CSS techniques, 4th Edition",40.49,5.0
2,"C# 11 and .NET 7 – Modern Cross-Platform Development Fundamentals: Start building websites and services with ASP.NET Core 7, Blazor, and EF Core 7, 7th Edition",46.87,5.0
3,CSS in easy steps,11.89,4.7
4,"Responsive Web Design with HTML5 and CSS: Build future-proof responsive websites using the latest HTML5 and CSS techniques, 4th Edition",40.49,5.0
5,CSS in Depth,52.16,4.8
6,CSS: The Definitive Guide: Visual Presentation for the Web,67.37,4.6
7,HTML and CSS: Design and Build Websites,15.79,4.7
8,"HTML and CSS QuickStart Guide: The Simplified Beginners Guide to Developing a Strong Coding Foundation, Building Responsive Websites, and Mastering ... of Modern Web Design (QuickStart Guides)",25.19,4.6
9,Modern CSS: Master the Key Concepts of CSS for Modern Web Development,10.50,5.0
10,CSS Pocket Reference: Visual Presentation for the Web,14.46,4.7
11,CSS Secrets: Better Solutions to Everyday Web Design Problems,21.99,4.6
12,"Web Design with HTML, CSS, JavaScript and jQuery Set",46.53,4.7
13,"Responsive Web Design with HTML5 and CSS: Develop future-proof responsive websites using the latest HTML5 and CSS techniques, 3rd Edition",37.99,4.5
14,CSS Secrets: Better Solutions to Everyday Web Design Problems,10.09,4.6
15,HTML and CSS: Design and Build Websites,15.79,4.7
16,CSS: The Definitive Guide: Visual Presentation for the Web,15.53,4.6
17,"Learning Web Design: A Beginner's Guide to HTML, CSS, JavaScript, and Web Graphics",13.20,4.6
18,CSS: The Missing Manual,11.12,4.6
19,Murach's HTML and CSS (5th Edition),57.63,4.7
20,CSS Master,20.99,4.7
21,Learn Microsoft PowerApps: Build customized business applications without writing any code,39.89,4.1
22,"HTML, CSS & JavaScript in easy steps",20.49,4.6
23,Designing with the Mind in Mind: Simple Guide to Understanding User Interface Design Guidelines,20.61,4.5
24,"Node.js Design Patterns: Design and implement production-grade Node.js applications using proven patterns and techniques, 3rd Edition",46.74,4.6
25,"Front-End Back-End Development with HTML, CSS, JavaScript, jQuery, PHP, and MySQL",70.82,4.6
26,CSS Flex & Grid: Complete Guide with Real World Examples and Code Snippets,9.99,5.0
27,CSS: The Missing Manual,40.00,4.6
28,Python Programming and Numerical Methods: A Guide for Engineers and Scientists,59.96,4.7
29,JavaScript: The Comprehensive Guide to Learning Professional JavaScript Programming,57.45,5.0
30,"Professional React Native: Expert techniques and solutions for building high-quality, cross-platform, production-ready apps",29.99,4.5
31,HTML5: Discover the Complete Guide to Formatting Websites and Learn the basics of Web Design. Learn how to Use Html to Create Innovative Websites and Applications,18.35,4.5
32,CSS Mastery,26.99,4.4
33,CSS in easy steps,11.89,4.7
34,"Learning Web Design: A Beginner's Guide to HTML, CSS, JavaScript, and Web Graphics",38.13,4.6
35,CSS (with HTML5): Learn CSS in One Day and Learn It Well. CSS for Beginners with Hands-on Project. Includes HTML5. (Learn Coding Fast with Hands-On Project Book 2),2.99,4.5
36,A Smarter Way to Learn HTML & CSS: Learn it faster. Remember it longer.,19.95,4.6
37,"Get Coding!: Learn HTML, CSS & JavaScript & Build a Website, App & Game",11.59,4.6
38,HTML5 and CSS3 All-in-One For Dummies,25.49,4.6
39,"HTML & CSS: The Complete Reference, Fifth Edition (Complete Reference Series)",44.99,4.4
40,Conquer CSS: Master the Fundamentals of Cascading Style Sheets and Create a More Beautiful Web Presence,9.99,4.9
41,"HTML, CSS & JavaScript in easy steps",20.49,4.6
42,"HTML5 and CSS3 Masterclass: In-depth Web Design Training with Geolocation, the HTML5 Canvas, 2D and 3D CSS Transformations, Flexbox, CSS Grid, and More (English Edition)",12.95,5.0
43,New Perspectives on HTML 5 and CSS: Comprehensive: Comprehensive (MindTap Course List),18.05,4.6
44,"Web Design with HTML5 and CSS: Learn how to design, create and built responsive websites using the best HTML5 and CSS practices",0.00,4.5
45,CSI: Miami Season 1,1.99,4.8
46,Cascading Style Sheets (Quick Study Computer),5.95,4.4
47,"JavaScript from Beginner to Professional: Learn JavaScript quickly by building fun, interactive, and dynamic web apps, games, and pages",36.99,4.8
48,CSS Visual Dictionary,0.00,4.2
49,Head First HTML and CSS: A Learner's Guide to Creating Standards-Based Web Pages,44.40,4.6
50,HTML and CSS: The Most Complete Web Development Guide: Step by Step Guide That Will Help You To Develop Strong Front-End Foundation So You Can Design Modern Responsive Websites,0.00,4.3
51,CSS: Diseño web (Desarrollo web nº 2) (Spanish Edition),0.00,4.0
52,HTML and CSS for Beginners,0.00,4.2
53,"Build a Website Now: A Beginner's Guide to Web Development: HTML, CSS and Bootstrap",19.99,4.8
54,Transitions and Animations in CSS: Adding Motion with CSS,6.49,4.3
55,Grid Layout in CSS: Interface Layout for the Web,6.49,4.3
56,Flexbox in CSS,8.99,4.3
57,CSS Visual Dictionary,34.99,4.4
58,Programming for Beginners: 3 Books in 1 - HTML+CSS+JavaScript: Basic Fundamental Guide for Beginners,0.00,4.3
59,HTML and CSS: Visual QuickStart Guide,39.99,4.4
60,"HTML and CSS QuickStart Guide: The Simplified Beginners Guide to Developing a Strong Coding Foundation, Building Responsive Websites, and Mastering ... of Modern Web Design (QuickStart Guides)",25.19,4.6
61,"Responsive Web Design with HTML5 and CSS: Build future-proof responsive websites using the latest HTML5 and CSS techniques, 4th Edition",40.49,5.0
62,"C# 11 and .NET 7 – Modern Cross-Platform Development Fundamentals: Start building websites and services with ASP.NET Core 7, Blazor, and EF Core 7, 7th Edition",46.87,5.0
63,CSS in easy steps,11.89,4.7
64,"Responsive Web Design with HTML5 and CSS: Build future-proof responsive websites using the latest HTML5 and CSS techniques, 4th Edition",40.49,5.0
65,CSS in Depth,52.16,4.8
66,CSS: The Definitive Guide: Visual Presentation for the Web,67.37,4.6
67,HTML and CSS: Design and Build Websites,15.79,4.7
68,"HTML and CSS QuickStart Guide: The Simplified Beginners Guide to Developing a Strong Coding Foundation, Building Responsive Websites, and Mastering ... of Modern Web Design (QuickStart Guides)",25.19,4.6
69,Modern CSS: Master the Key Concepts of CSS for Modern Web Development,10.50,5.0
70,CSS Pocket Reference: Visual Presentation for the Web,14.46,4.7
71,CSS Secrets: Better Solutions to Everyday Web Design Problems,21.99,4.6
72,"Web Design with HTML, CSS, JavaScript and jQuery Set",46.53,4.7
73,"Responsive Web Design with HTML5 and CSS: Develop future-proof responsive websites using the latest HTML5 and CSS techniques, 3rd Edition",37.99,4.5
74,CSS Secrets: Better Solutions to Everyday Web Design Problems,10.09,4.6
75,HTML and CSS: Design and Build Websites,15.79,4.7
76,CSS: The Definitive Guide: Visual Presentation for the Web,15.53,4.6
77,"Learning Web Design: A Beginner's Guide to HTML, CSS, JavaScript, and Web Graphics",13.20,4.6
78,CSS: The Missing Manual,11.12,4.6
79,Murach's HTML and CSS (5th Edition),57.63,4.7
80,CSS Master,20.99,4.7
81,Learn Microsoft PowerApps: Build customized business applications without writing any code,39.89,4.1
82,"HTML, CSS & JavaScript in easy steps",20.49,4.6
83,Designing with the Mind in Mind: Simple Guide to Understanding User Interface Design Guidelines,20.61,4.5
84,"Node.js Design Patterns: Design and implement production-grade Node.js applications using proven patterns and techniques, 3rd Edition",46.74,4.6
85,"Front-End Back-End Development with HTML, CSS, JavaScript, jQuery, PHP, and MySQL",70.82,4.6
86,CSS Flex & Grid: Complete Guide with Real World Examples and Code Snippets,9.99,5.0
87,CSS: The Missing Manual,40.00,4.6
88,Python Programming and Numerical Methods: A Guide for Engineers and Scientists,59.96,4.7
89,JavaScript: The Comprehensive Guide to Learning Professional JavaScript Programming,57.45,5.0
90,"Professional React Native: Expert techniques and solutions for building high-quality, cross-platform, production-ready apps",29.99,4.5
91,HTML5: Discover the Complete Guide to Formatting Websites and Learn the basics of Web Design. Learn how to Use Html to Create Innovative Websites and Applications,18.35,4.5
92,CSS Mastery,26.99,4.4
93,CSS in easy steps,11.89,4.7
94,"Learning Web Design: A Beginner's Guide to HTML, CSS, JavaScript, and Web Graphics",38.13,4.6
95,CSS (with HTML5): Learn CSS in One Day and Learn It Well. CSS for Beginners with Hands-on Project. Includes HTML5. (Learn Coding Fast with Hands-On Project Book 2),2.99,4.5
96,A Smarter Way to Learn HTML & CSS: Learn it faster. Remember it longer.,19.95,4.6
97,"Get Coding!: Learn HTML, CSS & JavaScript & Build a Website, App & Game",11.59,4.6
98,HTML5 and CSS3 All-in-One For Dummies,25.49,4.6
99,"HTML & CSS: The Complete Reference, Fifth Edition (Complete Reference Series)",44.99,4.4
100,Conquer CSS: Master the Fundamentals of Cascading Style Sheets and Create a More Beautiful Web Presence,9.99,4.9
101,"HTML, CSS & JavaScript in easy steps",20.49,4.6
102,"HTML5 and CSS3 Masterclass: In-depth Web Design Training with Geolocation, the HTML5 Canvas, 2D and 3D CSS Transformations, Flexbox, CSS Grid, and More (English Edition)",12.95,5.0
103,New Perspectives on HTML 5 and CSS: Comprehensive: Comprehensive (MindTap Course List),18.05,4.6
104,"Web Design with HTML5 and CSS: Learn how to design, create and built responsive websites using the best HTML5 and CSS practices",0.00,4.5
105,CSI: Miami Season 1,1.99,4.8
106,Cascading Style Sheets (Quick Study Computer),5.95,4.4
107,"JavaScript from Beginner to Professional: Learn JavaScript quickly by building fun, interactive, and dynamic web apps, games, and pages",36.99,4.8
108,CSS Visual Dictionary,0.00,4.2
109,Head First HTML and CSS: A Learner's Guide to Creating Standards-Based Web Pages,44.40,4.6
110,HTML and CSS: The Most Complete Web Development Guide: Step by Step Guide That Will Help You To Develop Strong Front-End Foundation So You Can Design Modern Responsive Websites,0.00,4.3
111,CSS: Diseño web (Desarrollo web nº 2) (Spanish Edition),0.00,4.0
112,HTML and CSS for Beginners,0.00,4.2
113,"Build a Website Now: A Beginner's Guide to Web Development: HTML, CSS and Bootstrap",19.99,4.8
114,Transitions and Animations in CSS: Adding Motion with CSS,6.49,4.3
115,Grid Layout in CSS: Interface Layout for the Web,6.49,4.3
116,Flexbox in CSS,8.99,4.3
117,CSS Visual Dictionary,34.99,4.4
118,Programming for Beginners: 3 Books in 1 - HTML+CSS+JavaScript: Basic Fundamental Guide for Beginners,0.00,4.3
119,HTML and CSS: Visual QuickStart Guide,39.99,4.4
